Tree Depth,Mean Reward
1,-460.1822062234714
2,-584.0802812109637
3,102.62116696370185
4,-248.98064147664104
5,50.95451973817471
