{"mean_reward": 233.5564493, "std_reward": 53.89001535753786, "is_deterministic": true, "n_eval_episodes": 10, "eval_datetime": "2022-06-02T13:18:24.896366"}