,PC1,PC2
x_position,0.010314424,-0.03348035
y_position,-0.2145586,0.23469788
x_velocity,0.0006347724,-0.010421111
y_velocity,0.11180001,-0.003181064
angle,0.0012812079,-0.018485567
angular_velocity,5.8230948e-05,0.0030479438
left_leg_contact,0.38790703,0.065583915
right_leg_contact,0.38619447,0.06640971
