,PC1,PC2,PC3,PC4,PC5
x_position,-0.07634186497025992,0.5459730547652367,0.435924987302172,-0.012029057500313965,0.3902893259262251
y_position,-0.4103921445084025,-0.04565841855148701,-0.11008263429038918,0.8963517072175912,0.07873520151126297
x_velocity,-0.02602244353873469,0.4425009350152326,-0.5399425725266694,-0.06282018681880396,-0.4871057773007959
y_velocity,0.4822269795876754,-0.01651618462855584,-0.08971432177062524,0.11230694338700686,0.5024830950753764
angle,-0.09815213926138425,0.6691323524715519,0.17534394582104867,0.04948223286527992,-0.06994236108052065
angular_velocity,0.012948559657868727,0.1920009882189304,-0.6807258700659597,-0.06961001422519612,0.5120190177713546
left_leg_contact,0.5408403702583043,0.09963996177861213,0.018956969473006676,0.283771039503669,-0.11562634972416504
right_leg_contact,0.5387210467660788,0.09601179019918138,0.061416624061043916,0.3033638822076936,-0.26699971874722195
