Principal Component,Explained Variance Ratio
PC1,0.3669769670336582
PC2,0.23690019789398079
PC3,0.1987933432529569
PC4,0.0742972075065655
PC5,0.052433479798652705
